Learning Rate,epsilon,Accuracy,Training Time
0.001,64,1e-07,0.9528130888938904,289.67642641067505
0.001,64,1e-08,0.9274047017097473,271.6500072479248
0.0005,64,1e-07,0.9473684430122375,270.9107139110565
0.0005,64,1e-08,0.9364791512489319,271.26800179481506
